,,Sales,Jan,Feb,Mar,Apr,May,Jun,Jul,Aug,Sep,Oct,Nov,Dec
,Charlotte,Actuals,$0,"$2,500.00",,,,,,,,,,,,Expense Hamshire,,Expense Mt Holly
,,Forecast,$0,$870,"$3,480","$5,220","$6,960","$8,700","$10,440","$12,180","$13,920","$15,660","$17,400","$19,140", ,mortgage,11500,mortgage,12500
,,,,,,,,,,,,,,,,taxes,1500,taxes,1500
,,Sales,Jan,Feb,Mar,Apr,May,Jun,Jul,Aug,Sep,Oct,Nov,Dec,,electric,600,electric,1400
,Houston,Actuals,"$10,000",,,,,,,,,,,,,BOTG/landscaping,500,BOTG/landscaping,500
,,Forecast,"$5,023","$5,351","$11,575","$12,449","$13,322","$14,196","$15,070","$15,943","$16,817","$17,690","$18,127","$18,782",,prop management,1200,prop management,2000

,,Sales,Jan,Feb,Mar,Apr,May,Jun,Jul,Aug,Sep,Oct,Nov,Dec,,repair,500,repair,500
,Rethink,Charotte,$0,"$3,000","$7,267","$7,827","$9,751","$13,105","$12,903","$15,549","$18,162","$22,179","$23,214","$25,823",,marketing,500,sparefoot/google,1500
,,Houston,"$12,533","$9,908","$8,586","$13,345","$10,114","$10,974","$11,074","$11,404","$10,153","$11,255","$12,005","$12,868",,total,16300,wifi/water/gas,300
,,Forecast,"$5,023","$6,221","$15,055","$17,669","$20,282","$22,896","$25,510","$28,123","$30,737","$33,350","$35,527","$37,922",,,,total,20200
,,,,,,,,,,,,19335 on 10/6 mt holly,19963 on 10/14,20153 on 10/17,20153 on 10/18,20743 on 10/20,20744 on 10/21,20861 on 10/23,20995 on 10/25,20995 on 10/27
,,,,,,,,,,,,,,,,,,,,,,,,,,,NEED TO GET TO $56k INCOME TO FEEL GOOD,,,"-$8,575","-$11,103","-$16,568",,NEED TO GET TO $56k INCOME TO FEEL GOOD,,,,,"-$9,402","-$8,202","-$7,002","-$5,802","-$4,602","-$3,402","-$2,202","-$1,002",$198,"$1,398","$2,598","$3,798"
,,GOAL +/-,"$7,510","$6,687",$798,,,,,,,,,,,,,,,GOAL +/-,kevin says year end $46k /mo,kevin says $45k/mo,kevin says 3/1 38k low and 42k base case for year end revenue december,kevin said 70$ chance of $41k by december - may-july builds to $35k and starts to slow down in august time,,,,,,"30k, dec 31k-32k , 36k w the warehouse in december - then next year maybe 1000 per month","2026- adding 8 net new customers per month, plus 5% increases a few times, so $900-1000 per month increase should be very doable- ie 100 net new customers next year",,"$513,942",,,,,,36000 to the end of year at 49k and storage is 40 of the 49k,,,net 80 rentals
,2024,Sales,Jan,Feb,Mar,Apr,May,Jun,Jul,Aug,Sep,Oct,Nov,Dec,YTD,,,,2025,Sales,Jan,Feb,Mar,Apr,May,Jun,Jul,Aug,Sep,Oct,Nov,Dec,YTD,YoY%,,,2026,Sales,Jan,Feb,Mar,Apr,May,Jun,Jul,Aug,Sep,Oct,Nov,Dec,YTD,,,,2027,Sales,Jan,Feb,Mar,Apr,May,Jun,Jul,Aug,Sep,Oct,Nov,Dec,YTD,,,,2028,Sales,Jan,Feb,Mar,Apr,May,Jun,Jul,Aug,Sep,Oct,Nov,Dec,YTD
,Rethink,Charlotte,$0,"$3,000","$7,267","$7,827","$9,751","$13,105","$12,903","$15,549","$18,162","$22,179","$23,214","$25,823","$158,780",,,,Rethink,Charlotte,"$26,879","$27,027","$31,272","$29,924","$29,455","$32,094","$31,112","$33,095","$25,431","$31,395","$28,212","$26,134","$352,030",221.7%,,,Rethink,Charlotte,"$33,000","$33,900","$34,800","$35,700","$36,600","$37,500","$38,400","$39,300","$40,200","$41,100","$42,000","$42,900","$455,400",,,,Rethink,Charlotte,"$43,800","$44,700","$45,600","$46,500","$47,400","$48,300","$49,200","$50,100","$51,000","$51,900","$52,800","$53,700","$585,000",,,,Rethink,Charlotte,"$54,600","$55,500","$56,400","$57,300","$58,200","$59,100","$60,000","$60,900","$61,800","$62,700","$63,600","$64,500","$714,600"
,,Houston,"$12,533","$9,908","$8,586","$13,345","$10,114","$10,974","$11,074","$11,404","$10,153","$11,255","$12,005","$12,868","$134,219",,,,,Houston,"$15,305","$15,730","$17,072","$15,128","$15,504","$15,089","$15,254","$16,075","$15,478","$16,030","$16,685","$13,298","$186,648",139.1%,,,,Houston,"$13,598","$13,898","$14,198","$14,498","$14,798","$15,098","$15,398","$15,698","$15,998","$16,298","$16,598","$16,898","$182,981",,,,,Houston,"$17,198","$17,498","$17,798","$18,098","$18,398","$18,698","$18,998","$19,298","$19,598","$19,898","$20,198","$20,498","$226,181",,,,,Houston,"$20,498","$20,798","$21,098","$21,398","$21,698","$21,998","$22,298","$22,598","$22,898","$23,198","$23,498","$23,798","$265,781"
,,Total,"$12,533","$12,908","$15,853","$21,172","$19,865","$24,079","$23,977","$26,953","$28,316","$33,434","$35,218","$38,692","$292,999",,,,,Total,"$42,184","$42,757","$48,344","$45,051","$44,959","$47,183","$46,366","$49,170","$40,909","$47,425","$44,897","$39,432","$538,677",183.8%,,,,Total,"$46,598","$47,798","$48,998","$50,198","$51,398","$52,598","$53,798","$54,998","$56,198","$57,398","$58,598","$59,798","$638,381",,,,,Total,"$60,998","$62,198","$63,398","$64,598","$65,798","$66,998","$68,198","$69,398","$70,598","$71,798","$72,998","$74,198","$811,181",,,,,Total,"$75,098","$76,298","$77,498","$78,698","$79,898","$81,098","$82,298","$83,498","$84,698","$85,898","$87,098","$88,298","$980,381"
,,Forecast,"$5,023","$6,221","$15,055","$17,669","$20,282","$22,896","$25,510","$28,123","$30,737","$33,350","$35,527","$37,922","$278,315",,,,,Forecast,"$39,222","$40,522","$41,822","$43,122","$44,922","$46,722","$48,522","$50,322","$51,622","$52,922","$54,222","$55,522","$569,464",204.6%,,,,Forecast,"$56,422","$57,322","$58,222","$59,122","$60,022","$60,922","$61,822","$62,722","$63,622","$64,522","$65,422","$66,322","$736,464",,,,,Forecast,"$67,222","$68,122","$69,022","$69,922","$70,822","$71,722","$72,622","$73,522","$74,422","$75,322","$76,222","$77,122","$866,064",,,,,Forecast,"$86,722","$86,722","$86,722","$86,722","$86,722","$86,722","$86,722","$86,722","$86,722","$86,722","$86,722","$86,722","$1,040,664"
,,,,$375,"$2,945","$5,319","-$1,307","$4,214",-$102,"$2,976","$1,363","$5,118","$1,785","$3,473",,,,,,,,,,,,,,,,,,,,,,,,,,"$1,200","$1,200","$1,200","$1,200","$1,200","$1,200","$1,200","$1,200","$1,200","$1,200","$1,200",,,,,,,,"$1,200","$1,200","$1,200","$1,200","$1,200","$1,200","$1,200","$1,200","$1,200","$1,200","$1,200"
,,,,1.47%,10.24%,14.37%,-3.18%,9.59%,-0.21%,5.84%,2.47%,8.29%,2.60%,4.70%,,,,,,,,,,,,,,,,,,,,,,,,,,1.27%,1.24%,1.21%,1.18%,1.15%,1.13%,1.10%,1.08%,1.06%,1.03%,1.01%,,,,,,,,0.97%,0.96%,0.94%,0.92%,0.90%,0.89%,0.87%,0.86%,0.84%,0.83%,0.82%
,2024,Sales,Jan,Feb,Mar,Apr,May,Jun,Jul,Aug,Sep,Oct,Nov,Dec,YTD,,,,2025,Sales,Jan,Feb,Mar,Apr,May,Jun,Jul,Aug,Sep,Oct,Nov,Dec,YTD,,,,2026,Sales,Jan,Feb,Mar,Apr,May,Jun,Jul,Aug,Sep,Oct,Nov,Dec,YTD,,,,2027,Sales,Jan,Feb,Mar,Apr,May,Jun,Jul,Aug,Sep,Oct,Nov,Dec,YTD,,,,2028,Sales,Jan,Feb,Mar,Apr,May,Jun,Jul,Aug,Sep,Oct,Nov,Dec,YTD
,Charlotte,Actuals,$0,"$3,000","$7,267","$7,827","$9,751","$13,105","$12,903","$15,549","$18,162","$22,179","$23,214","$25,823","$158,780",,,,Charlotte,Actuals,"$26,879","$27,027","$31,272","$29,924","$29,455","$32,094","$31,112","$33,095","$25,431","$31,395","$28,212","$26,134","$352,030",,,,Charlotte,Actuals,"$33,000","$33,900","$34,800","$35,700","$36,600","$37,500","$38,400","$39,300","$40,200","$41,100","$42,000","$42,900","$455,400","$5,161,200",,,Charlotte,Actuals,"$43,800","$44,700","$45,600","$46,500","$47,400","$48,300","$49,200","$50,100","$51,000","$51,900","$52,800","$53,700","$585,000","$6,630,000",,,Charlotte,Actuals,"$54,600","$55,500","$56,400","$57,300","$58,200","$59,100","$60,000","$60,900","$61,800","$62,700","$63,600","$64,500","$714,600","$8,098,800"
,,Forecast,$0,$870,"$3,480","$5,220","$6,960","$8,700","$10,440","$12,180","$13,920","$15,660","$17,400","$19,140","$113,970",,,,,Forecast,"$20,440","$21,740","$23,040","$24,340","$26,140","$27,940","$29,740","$31,540","$32,840","$34,140","$35,440","$36,740","$344,080",,,,,Forecast,"$37,640","$38,540","$39,440","$40,340","$41,240","$42,140","$43,040","$43,940","$44,840","$45,740","$46,640","$47,540","$511,080","$5,792,240",,,,Forecast,"$48,440","$49,340","$50,240","$51,140","$52,040","$52,940","$53,840","$54,740","$55,640","$56,540","$57,440","$58,340","$640,680","$7,261,040",,,,Forecast,"$58,340","$59,240","$60,140","$61,040","$61,940","$62,840","$63,740","$64,640","$65,540","$66,440","$67,340","$68,240","$759,480","$8,607,440"
,,,,"$3,000","$4,267",$560,"$1,924","$3,354",-$202,"$2,646","$2,614","$4,016","$1,035","$2,610",,,,,,,,,,,,,,,,,,,,,,,,,,$900,$900,$900,$900,$900,$900,$900,$900,$900,$900,$900,,,,,,,,$900,$900,$900,$900,$900,$900,$900,$900,$900,$900,$900
,,,monthly movement,100.00%,41.56%,3.71%,10.95%,14.67%,-0.78%,9.30%,7.75%,9.96%,2.28%,5.32%,,AVE,,,,,,,,,,,,,,,,,,,,,,,monthly movement,1.35%,1.31%,1.28%,1.24%,1.21%,1.19%,1.16%,1.13%,1.11%,1.08%,1.06%,,,,,,,monthly movement,1.02%,1.00%,0.98%,0.96%,0.94%,0.92%,0.91%,0.89%,0.87%,0.86%,0.85%
,,,% to goal,344.83%,208.82%,149.94%,140.10%,150.63%,123.59%,127.66%,130.48%,141.63%,133.41%,134.92%,,136.93%,,,,,,,,,,,,,,,,,,,,,,,% to goal,87.96%,88.24%,88.50%,88.75%,88.99%,89.22%,89.44%,89.65%,89.86%,90.05%,90.24%,,,,,,,% to goal,90.60%,90.76%,90.93%,91.08%,91.24%,91.38%,91.52%,91.66%,91.79%,91.92%,92.05%
,2024,Sales,Jan,Feb,Mar,Apr,May,Jun,Jul,Aug,Sep,Oct,Nov,Dec,YTD,,,,2025,Sales,Jan,Feb,Mar,Apr,May,Jun,Jul,Aug,Sep,Oct,Nov,Dec,YTD,,,,2026,Sales,Jan,Feb,Mar,Apr,May,Jun,Jul,Aug,Sep,Oct,Nov,Dec,YTD,,,,2027,Sales,Jan,Feb,Mar,Apr,May,Jun,Jul,Aug,Sep,Oct,Nov,Dec,YTD,,,,2028,Sales,Jan,Feb,Mar,Apr,May,Jun,Jul,Aug,Sep,Oct,Nov,Dec,YTD
,Houston ,Actuals,"$12,533","$9,908","$8,586","$13,345","$10,114","$10,974","$11,074","$11,404","$10,153","$11,255","$12,005","$12,868","$134,219",,,,Houston,Actuals,"$15,305","$15,730","$17,072","$15,128","$15,504","$15,089","$15,254","$16,075","$15,478","$16,030","$16,685","$13,298","$186,648",,,,Houston,Actuals,"$13,598","$13,898","$14,198","$14,498","$14,798","$15,098","$15,398","$15,698","$15,998","$16,298","$16,598","$16,898","$182,981",,,,Houston,Actuals,"$17,198","$17,498","$17,798","$18,098","$18,398","$18,698","$18,998","$19,298","$19,598","$19,898","$20,198","$20,498","$226,181",,,,Houston,Actuals,"$20,498","$20,798","$21,098","$21,398","$21,698","$21,998","$22,298","$22,598","$22,898","$23,198","$23,498","$23,798","$265,781"
,,Forecast,"$5,023","$5,351","$11,575","$12,449","$13,322","$14,196","$15,070","$15,943","$16,817","$17,690","$18,127","$18,782","$164,345",,,,,Forecast,"$18,782","$18,782","$18,782","$18,782","$18,782","$18,782","$18,782","$18,782","$18,782","$18,782","$18,782","$18,782","$225,384",,,,,Forecast,"$18,782","$18,782","$18,782","$18,782","$18,782","$18,782","$18,782","$18,782","$18,782","$18,782","$18,782","$18,782","$225,384",,,,,Forecast,"$18,782","$18,782","$18,782","$18,782","$18,782","$18,782","$18,782","$18,782","$18,782","$18,782","$18,782","$18,782","$225,384",,,,,Forecast,"$18,782","$18,782","$18,782","$18,782","$18,782","$18,782","$18,782","$18,782","$18,782","$18,782","$18,782","$18,782","$225,384"
,,,,"-$2,625","-$1,322","$4,759","-$3,231",$860,$100,$330,"-$1,251","$1,102",$750,$863,,,,,,,,,,,,,,,,,,,,,,,,,,$300,$300,$300,$300,$300,$300,$300,$300,$300,$300,$300,,,,,,,,$300,$300,$300,$300,$300,$300,$300,$300,$300,$300,$300
,,,monthly movement,-11.70%,-7.15%,21.70%,-13.77%,4.08%,0.45%,1.47%,-5.80%,5.15%,3.22%,3.47%,,,,,,,,,,,,,,,,,,,,,,,,,monthly movement,1.09%,1.07%,1.05%,1.02%,1.00%,0.98%,0.96%,0.95%,0.93%,0.91%,0.90%,,,,,,,monthly movement,0.86%,0.85%,0.84%,0.82%,0.81%,0.80%,0.78%,0.77%,0.76%,0.75%,0.74%
,,,% to goal,185.16%,74.18%,107.20%,75.92%,77.30%,73.48%,71.53%,60.38%,63.62%,66.23%,68.51%,,,,,,,,,,,,,,,,,,,,,,,,,% to goal,74.00%,75.60%,77.19%,78.79%,80.39%,81.98%,83.58%,85.18%,86.78%,88.37%,89.97%,,,,,,,% to goal,93.17%,94.76%,96.36%,97.96%,99.55%,101.15%,102.75%,104.35%,105.94%,107.54%,109.14%

,2024,Sales,Jan,Feb,Mar,Apr,May,Jun,Jul,Aug,Sep,Oct,Nov,Dec,YTD,,,,2025,Sales,Jan,Feb,Mar,Apr,May,Jun,Jul,Aug,Sep,Oct,Nov,Dec,YTD,,,,2026,Sales,Jan,Feb,Mar,Apr,May,Jun,Jul,Aug,Sep,Oct,Nov,Dec,YTD,,,,2027,Sales,Jan,Feb,Mar,Apr,May,Jun,Jul,Aug,Sep,Oct,Nov,Dec,YTD,,,,2028,Sales,Jan,Feb,Mar,Apr,May,Jun,Jul,Aug,Sep,Oct,Nov,Dec,YTD
,Catawba,Actuals,-,-,-,-,-,-,-,-,-,-,-,-,-,,,,Catawba,Actuals,,,,,,,,,,,,,$0,,,,Catawba,Actuals,,,,,,,,,,,,,$0,,,,Houston,Actuals,$300,$600,$900,"$1,200","$1,500","$1,800","$2,100","$2,400","$2,700","$3,000","$3,300","$3,600","$23,400",,,,Houston,Actuals,"$3,600","$3,900","$4,200","$4,500","$4,800","$5,100","$5,400","$5,700","$6,000","$6,300","$6,600","$6,900","$63,000"
,,Forecast,-,-,-,-,-,-,-,-,-,-,-,-,-,,,,,Forecast,,,,,,,,,,,,,$0,,,,,Forecast,$300,$600,$900,"$1,200","$1,500","$1,800","$2,100","$2,400","$2,700","$3,000","$3,300","$3,600","$23,400",,,,,Forecast,"$3,600","$3,600","$3,600","$3,600","$3,600","$3,600","$3,600","$3,600","$3,600","$3,600","$3,600","$3,600","$43,200",,,,,Forecast,"$3,600","$3,600","$3,600","$3,600","$3,600","$3,600","$3,600","$3,600","$3,600","$3,600","$3,600","$3,600","$43,200"
,,,,,,,,,,,,,,,,,,,,,,,,,,,,,,,,,,,,,,,,,,,,,,,,,,,,,,,,,,$300,$300,$300,$300,$300,$300,$300,$300,$300,$300,$300
,,,,,,,,,,,,,,,,,,,,,,,,,,,,,,,,,,,,,,,,,,,,,,,,,,,,,,,,,monthly movement,33.33%,20.00%,14.29%,11.11%,9.09%,7.69%,6.67%,5.88%,5.26%,4.76%,4.35%
,,,,,,,,,,,,,,,,,,,,,,,,,,,,,,,,,,,,,,,,,,,,,,,,,,,,,,,,,% to goal,16.67%,25.00%,33.33%,41.67%,50.00%,58.33%,66.67%,75.00%,83.33%,91.67%,100.00%
,2024,Sales,Jan,Feb,Mar,Apr,May,Jun,Jul,Aug,Sep,Oct,Nov,Dec,YTD,,,,2025,Sales,Jan,Feb,Mar,Apr,May,Jun,Jul,Aug,Sep,Oct,Nov,Dec,YTD,,,,2026,Sales,Jan,Feb,Mar,Apr,May,Jun,Jul,Aug,Sep,Oct,Nov,Dec,YTD,,,,2027,Sales,Jan,Feb,Mar,Apr,May,Jun,Jul,Aug,Sep,Oct,Nov,Dec,YTD,,,,2028,Sales,Jan,Feb,Mar,Apr,May,Jun,Jul,Aug,Sep,Oct,Nov,Dec,YTD
,NJ Multifamilies,Aire RE LLC,,,,,,,,,,,,,$0,,,,NJ Multifamiles,Aire RE LLC,,,,,,,,,,,"$8,184",,"$8,184",,,,NJ Multifamiles,Aire RE LLC,,,,,,,,,,,,,$0,,,,NJ Multifamiles,Aire RE LLC,,,,,,,,,,,,,$0,,,,NJ Multifamiles,Aire RE LLC,,,,,,,,,,,,,$0
,,4535 Broadway,,,,,,,,,,,,,$0,,,,,4535 Broadway,,,,,,,,,,,"$3,385",,"$3,385",,,,,4535 Broadway,,,,,,,,,,,,,$0,,,,,4535 Broadway,,,,,,,,,,,,,$0,,,,,4535 Broadway,,,,,,,,,,,,,$0
,,Galaxy,$0,$0,$0,$0,$0,$0,$0,$0,$0,$0,$0,$0,$0,,,,,Galaxy,$0,$0,$0,$0,$0,$0,$0,$0,$0,$0,"$3,895","$3,895","$7,790",,,,,Galaxy,$0,$0,$0,$0,$0,$0,$0,$0,$0,$0,$0,$0,$0,,,,,Galaxy,$0,$0,$0,$0,$0,$0,$0,$0,$0,$0,$0,$0,$0,,,,,Galaxy,$0,$0,$0,$0,$0,$0,$0,$0,$0,$0,$0,$0,$0
,,Description,$0,$0,$0,$0,$0,$0,$0,$0,$0,$0,$0,$0,$0,,,,,Description,$0,$0,$0,$0,$0,$0,$0,$0,$0,$0,$0,$0,$0,,,,,Description,$0,$0,$0,$0,$0,$0,$0,$0,$0,$0,$0,$0,$0,,,,,Description,$0,$0,$0,$0,$0,$0,$0,$0,$0,$0,$0,$0,$0,,,,,Description,$0,$0,$0,$0,$0,$0,$0,$0,$0,$0,$0,$0,$0

,"Metro  Elevated and Southern Elevators - they might do a vertical lift installations. google independent elevator copanies ... Otis ,Kohne, schindler- alliance elevator solutions, the most affordable way to get the elevator- holeness hydraulic elevator is most economical - commercial traction elecvaors are new and dont require a machine room space. "


,,,,outlier?,,5216 on 11/5/24,7419 on 11/11,9379 on 11/18,10607 on 11/23,11254 on 11/28,12004 on 11/30,,,,,,,9556 on 10/23
,,,,,,6107 on 12/5,7429 on 12/11,10002 on 12/18,11271 on 12/23,11894 on 12/28,12743 on 12/31
,,,,,5011 on 1/1,7175 on 1/5,9783 on 1/11,11513 on 1/18 ,12853 on 1/23,14040  on 1/28,15305 on 1/31
,,,*having this on the daily email to team would be good*,,5938 on 2/1,8446 on 2/5,10288 on 2/11,11966 on 2/18,13856 on 2/23,15730 on 2/28,15731 on 2/28
,,,,,7240 on 3/1,11104 on 3/5,11998 on 3/11,14074 on 3/18,15374 on 3/23,16174 on 3/28,17072 on 3/31
,,,,,6737 on 4/1,8714 on 4/5,10014 on 4/11,11831 on 4/18,13071 on 4/23,13274 on 4/26,15128 on 4/30
,,,,,6217 on 5/1,8501 on 5/5,9903 on 5/11,11435 on 5/17,13093 on 5/23,14605 on 5/28,15504 on 5/30
,,,,,6606 on 6/1,8710 on 6/5,10779 on 6/11,12250 on 6/17,13543 on 6/23,14703 on 5/28,15089 on 6/30
,,,,,6659 on 7/1,8829 on 7/5,10156 on 7/11,11634 on 7/17,13400 on 7/23,14185 on 7/28,15268 on 7/31
,,,,,6416 on 8/1,9518 on 8/5,10282 on 8/11,12373 on 8/17,14334 on 8/23,15419 on 8/28,16075 on 8/31,,,,,,,,,,,,,,,,,,,,,,,,,,Newtek Bank Account,30000,Carlos,23000
,,,,,6417 on 9/1,10157 on 9/5,11169 on 9/11,12155 on 9/17,13428 on 9/23,14303 on 9/28,15477 on 9/30,,,,,,,,,,,,,,,,,,,,,,,,,,Money in bank,82000,SAMS-Tx,47020
,,,,,6356 on 10/1,9289 on 10/5,10774 on 10/11,13010 on 10/17,14474 on 10/23,15318 on 10/28,16029 on 10/31,,,,,,,,,,,,,,,,,,,,,,,,,,,,Distri,30000
,,,,,7412 on 11/1,9739 on 11/5,11436 on 11/11,13021 on 11/17,14696 on 11/23,15906 on 11/27,16685 on 11/30
,,,,,8073 on 11/1,10620 on 12/5,11838 on 12/11,13039 on 12/17,13399 on 12/20,15907 on 11/27,16425 on 12/31




,,,,,,,,,,,,,,,,,,,,,,,,,,,,,,,,,,,,,,,Dec Tax TX,30000
,"FOR BLAST EMAILS:  (GIF, importantly quarterly news)",,,,,,,FOR TEAM DAILY EMAIL,MT HOLLY,HAMSHIRE,CATAWBA,ROCK HILL,CHARTS?,CELEBRATION?,TOTAL CHART SINCE INCEPTION,,,,,,,,,,,,,,,,,,,,,,,,Decn Tax NC,10000
,Making a well designed dashboard that explains how we see success KPIs over time (13 month),,,,,,,MOVE IN / MOVE OUT,26/5,11/3,18/6,5/1,,💰
,KPI dashboard,CHARLOTTE,HOUSTON,MINI CHART (13 MONTH),CELEBRATE COLUMN,,,OCCUPANCY %,65%,85%,11%,34%,,👏🏻👏🏻,,,,,,,,,,,,,,,,,,,,,,,,,tx Principal + interest payments Tx,5000
,REVENUE,"$33,000","$17,000",,💰,YoY Revenue ,,ARREARS %,9%,5%,11%,3%,,🙌 🙌,,,,,,,,,,,,,,,,,,,,,,,,,Newtek,5500
,UNITS/TOTAL,210/308,150/204,,👏🏻👏🏻,,,INSURANCE %,84%,65%,50%,70%,,⭐⭐⭐⭐⭐,,,,,,,,,,,,,,,,,,,,,,,,,Jan CPA Bill,8000
,MOVE INS,26,11,,🙌 🙌,,,AUTOPAY %,90%,78%,65%,75%,,🔥🔥🔥
,MOVE OUTS,5,3,,⭐⭐⭐⭐⭐,,,CAC,105,140,240,250,,🏗 🏗 🏗,,,,,,,,,,,,,,,,,,,,,,,Total,112000,Total,158520,-46520
,5 STAR REVIEWS,6,2,,🔥🔥🔥,,,LTV,40000,20000,1000,5000,,💸💸💸
,RENT PER SQ FT,0.99,0.74,,🏗 🏗 🏗,,,#LEADS,30,10,20,8,,🤦🏻‍♂️🤦🏻‍♂️
,"CLIENT ACQ COST (CAC), ROLLING 12-MO",104,140,,💸💸💸,,,THIS MONTH FORECAST*EQUATION*,33000,16000,10000,8000,,🙌 🙌
,LIFETIME VALUE (LTV),1830,1004,,🤦🏻‍♂️🤦🏻‍♂️,,,"PER SITE : TRAJECTORY 1ST,5TH,11TH,17TH, 23RD, 28TH, MONTH END(SO WE CAN SEE INCREMENTAL IMPROVEMENT MoM)"
,NEXT MONTH FORECAST,"$1,200",$300,,🙌 🙌


,REVENUE CHART,,VALUATION CHART,"(spaghetti line graph - 1- noi on cap rate expected on sale, 2- unitsx$10k, 3- NRSQF x charlotte self storage sales average(yardi), 4 -appraisal)"

,body of email:
,Rev this month vs. last month.... Increase in total number of customers
,"In each rev vs. last month... increase in move in and move outs , net rental equals x.... "
,Next month expectation
,THIS YEARS GOALS ARE:
,5 STAR REVIEW HELP US:
,then each property- rev chart,,,,,,,,,,,,,,,,,,,,,,,,,,,,,"$3,500,000"
,"biggest news of month, other major things a investor could care about, showing our success how, next month we expect this to happen."
,"there is random watermarks, 200 customers, $50k revenue milestone, new infills of units constructed, k-1, distributions etc that we have to have these things recongized automatically, becasue we will not remember",,,,,,,,,,,,,,,,,,,,,,,,,,,,,"$240,000"
,PHOTOS:,,,,,,,,,,,,,,,,,,,,,,,,,,,,,"$132,000",,,,,,,,,,,,,,,,,,,,,,,,,,,,,*** We have to stop revenue at 480-500  customers,,,,,,,,,,,,,,,,,,,*** We have to stop revenue at 480-500  customers
,,,,,,,,,,,,,,,,,,,,,Jan,Feb,Mar,Apr,May,Jun,Jul,Aug,Sep,Oct,Nov,Dec,,,,,,,Jan,Feb,Mar,Apr,May,Jun,Jul,Aug,Sep,Oct,Nov,Dec,,,,,,,Jan,Feb,Mar,Apr,May,Jun,Jul,Aug,Sep,Oct,Nov,Dec,YTD,,,,,,Jan,Feb,Mar,Apr,May,Jun,Jul,Aug,Sep,Oct,Nov,Dec
,,,,,,,,,,,,,,,,,,,2025,# of customers,175,185,195,205,215,225,235,245,255,265,275,285,,,,,2026,# of customers,295,305,315,325,335,345,355,365,375,385,395,405,,,,,2027,# of customers,415,425,435,445,455,465,475,485,495,505,515,525,,,,,2028,# of customers,535,545,555,565,575,585,595,605,615,625,635,645,YTD
,,,,,,,,,,,,,,,,,,,,Valuation,"$3,225,437","$3,243,274","$3,752,660","$3,590,822","$3,534,580","$3,851,312","$3,733,450","$3,971,369","$3,051,742","$3,767,448","$3,385,404","$3,136,062",2700000,,,,,Valuation,"$3,960,000","$4,068,000","$4,176,000","$4,284,000","$4,392,000","$4,500,000","$4,608,000","$4,716,000","$4,824,000","$4,932,000","$5,040,000","$5,148,000",2700000,,,,Charlotte,Valuation,"$5,256,000","$5,364,000","$5,472,000","$5,580,000","$5,688,000","$5,796,000","$5,904,000","$6,012,000","$6,120,000","$6,228,000","$6,336,000","$6,444,000",,,,,Charlotte,Valuation,"$6,552,000","$6,660,000","$6,768,000","$6,876,000","$6,984,000","$7,092,000","$7,200,000","$7,308,000","$7,416,000","$7,524,000","$7,632,000","$7,740,000"
,,,,,,,,,,,,,,,,,,,Charlotte,Income,"$26,879","$27,027","$31,272","$29,924","$29,455","$32,094","$31,112","$33,095","$25,431","$31,395","$28,212","$26,134","$352,030",,,,Charlotte,Income,"$33,000","$33,900","$34,800","$35,700","$36,600","$37,500","$38,400","$39,300","$40,200","$41,100","$42,000","$42,900","$455,400",,,,,Income,"$43,800","$44,700","$45,600","$46,500","$47,400","$48,300","$49,200","$50,100","$51,000","$51,900","$52,800","$53,700","$585,000",,,,,Income,"$54,600","$55,500","$56,400","$57,300","$58,200","$59,100","$60,000","$60,900","$61,800","$62,700","$63,600","$64,500","$714,600"
,,,,,,,,,,,,,,,,,,,,Expenses,"$27,000","$27,000","$27,000","$27,000","$27,000","$27,000","$27,000","$34,000","$34,000","$34,000","$34,000","$34,000","$359,000",,,,,Expenses,"$34,000","$34,000","$34,000","$34,000","$34,000","$34,000","$34,000","$34,000","$34,000","$34,000","$34,000","$34,000","$408,000",,,,,Expenses,"$34,000","$34,000","$34,000","$34,000","$34,000","$34,000","$34,000","$34,000","$34,000","$34,000","$34,000","$34,000","$408,000",,,,,Expenses,"$34,000","$34,000","$34,000","$34,000","$34,000","$34,000","$34,000","$34,000","$34,000","$34,000","$34,000","$34,000","$408,000"
,,,,,,,,,,,,,,,,,,,,Total,-$121,$27,"$4,272","$2,924","$2,455","$5,094","$4,112",-$905,"-$8,569","-$2,605","-$5,788","-$7,866","-$6,970",,,,,Total,"-$1,000",-$100,$800,"$1,700","$2,600","$3,500","$4,400","$5,300","$6,200","$7,100","$8,000","$8,900","$47,400",,,,,Total,"$9,800","$10,700","$11,600","$12,500","$13,400","$14,300","$15,200","$16,100","$17,000","$17,900","$18,800","$19,700","$177,000",,,,,Total,"$20,600","$21,500","$22,400","$23,300","$24,200","$25,100","$26,000","$26,900","$27,800","$28,700","$29,600","$30,500","$306,600"

,,,,,,,,,,,,,,,,,,,,Valuation,"$1,695,342","$1,742,391","$1,891,060","$1,675,674","$1,717,368","$1,671,370","$1,689,705","$1,780,632","$1,714,484","$1,775,576","$1,848,189","$1,473,054",1450000,,,,,Valuation,"$1,398,693","$1,429,550","$1,460,407","$1,491,264","$1,522,121","$1,552,978","$1,583,835","$1,614,693","$1,645,550","$1,676,407","$1,707,264","$1,738,121",1500000,,,,Houston,Valuation,"$1,905,054","$1,938,284","$1,971,515","$2,004,746","$2,037,977","$2,071,207","$2,104,438","$2,137,669","$2,170,900","$2,204,130","$2,237,361","$2,270,592",,,,,Houston,Valuation,"$2,270,592","$2,303,823","$2,337,054","$2,370,284","$2,403,515","$2,436,746","$2,469,977","$2,503,207","$2,536,438","$2,569,669","$2,602,900","$2,636,130"
,,,,,,,,,,,,,,,,,,,Houston,Income,"$15,305","$15,730","$17,072","$15,128","$15,504","$15,089","$15,254","$16,075","$15,478","$16,030","$16,685","$13,298","$186,648",,,,Houston,Income,"$13,598","$13,898","$14,198","$14,498","$14,798","$15,098","$15,398","$15,698","$15,998","$16,298","$16,598","$16,898","$182,981",,,,,Income,"$17,198","$17,498","$17,798","$18,098","$18,398","$18,698","$18,998","$19,298","$19,598","$19,898","$20,198","$20,498","$226,181",,,,,Income,"$20,498","$20,798","$21,098","$21,398","$21,698","$21,998","$22,298","$22,598","$22,898","$23,198","$23,498","$23,798","$265,781"
,,,,,,,,,,,,,,,,,,,,Expenses,"$17,000","$17,000","$17,000","$17,000","$17,000","$17,000","$17,000","$17,000","$17,000","$17,000","$17,000","$22,000","$209,000",,,,,Expenses,"$22,000","$22,000","$22,000","$22,000","$22,000","$22,000","$22,000","$22,000","$22,000","$22,000","$22,000","$22,000","$264,000",,,,,Expenses,"$22,000","$22,000","$22,000","$22,000","$22,000","$22,000","$22,000","$22,000","$22,000","$22,000","$22,000","$22,000","$264,000",,,,,Expenses,"$22,000","$22,000","$22,000","$22,000","$22,000","$22,000","$22,000","$22,000","$22,000","$22,000","$22,000","$22,000","$264,000"
,,,,,,,,,,,,,,,,,,,,Total,"-$1,695","-$1,270",$72,"-$1,872","-$1,496","-$1,911","-$1,746",-$925,"-$1,522",-$970,-$315,"-$8,702","-$22,352",,,,,Total,"-$8,402","-$8,102","-$7,802","-$7,502","-$7,202","-$6,902","-$6,602","-$6,302","-$6,002","-$5,702","-$5,402","-$5,102","-$81,019",,,,,Total,"-$4,802","-$4,502","-$4,202","-$3,902","-$3,602","-$3,302","-$3,002","-$2,702","-$2,402","-$2,102","-$1,802","-$1,502","-$37,819",,,,,Total,"-$1,502","-$1,202",-$902,-$602,-$302,-$2,$298,$598,$898,"$1,198","$1,498","$1,798","$1,781"
,,,,,,,,,,,,,,,,,,,,,,,,,,,,,,,,,,,,,,,,,,,,,,,,,,,,,,,Rethink,,,,,,,,,,,,,,,,,,Rethink
,,,,,,,,,,,,,,,,,,,RETHINK,Income,"$42,184","$42,757","$48,344","$45,051","$44,959","$47,183","$46,366","$49,170","$40,909","$47,425","$44,897","$39,432","$538,678",,,,Rethink,Income,"$46,598","$47,798","$48,998","$50,198","$51,398","$52,598","$53,798","$54,998","$56,198","$57,398","$58,598","$59,798","$638,381",,,,,Income,"$60,998","$62,198","$63,398","$64,598","$65,798","$66,998","$68,198","$69,398","$70,598","$71,798","$72,998","$74,198","$811,181",,,,,Income,"$75,098","$76,298","$77,498","$78,698","$79,898","$81,098","$82,298","$83,498","$84,698","$85,898","$87,098","$88,298","$980,381"
,,,,,,,,,,,,,,,,,,,,Expenses,"$44,000","$44,000","$44,000","$44,000","$44,000","$44,000","$44,000","$51,000","$51,000","$51,000","$51,000","$56,000","$568,000",,,,,Expenses,"$56,000","$56,000","$56,000","$56,000","$56,000","$56,000","$56,000","$56,000","$56,000","$56,000","$56,000","$56,000","$672,000",,,,,Expenses,"$56,000","$56,000","$56,000","$56,000","$56,000","$56,000","$56,000","$56,000","$56,000","$56,000","$56,000","$56,000","$672,000",,,,,Expenses,"$56,000","$56,000","$56,000","$56,000","$56,000","$56,000","$56,000","$56,000","$56,000","$56,000","$56,000","$56,000","$672,000"
,,,,,,,,,,,,,,,,,,,,Total,"-$1,816","-$1,243","$4,344","$1,051",$959,"$3,183","$2,366","-$1,830","-$10,091","-$3,575","-$6,103","-$16,568","-$29,322",,,,,Total,"-$9,402","-$8,202","-$7,002","-$5,802","-$4,602","-$3,402","-$2,202","-$1,002",$198,"$1,398","$2,598","$3,798","-$33,619",,,,,Total,"$4,998","$6,198","$7,398","$8,598","$9,798","$10,998","$12,198","$13,398","$14,598","$15,798","$16,998","$18,198","$139,181",,,,,Total,"$19,098","$20,298","$21,498","$22,698","$23,898","$25,098","$26,298","$27,498","$28,698","$29,898","$31,098","$32,298","$308,381"
,,,,,,,,,,,,,,,,,,,,,,,,,,,,,,,,,,,,,,,,,,,,,,,,,,,,,,,Payouts,,,,,,,,,,,,,,,,,,Payouts
,,,,,,,,,,,,,,,,,,,Payouts,Distributions LP,5.00%,,,5.00%,,,5.25%,,,3.00%,,,,,,,Payouts,Distributions LP,6%,,,6.25%,,,6.50%,,,7%,,,,,,,,Distributions LP,7.25%,,,7.50%,,,7.750%,,,8.00%,,,,,,,,Distributions LP,7.25%,,,7.50%,,,7.750%,,,8.00%
,,,,,,,,,,,,,,,,,,,,,"$27,500",,,"$27,500",,,"$28,875",,,"$16,500",,,,,,,,,"$33,000",,,"$34,375",,,"$35,750",,,"$38,500",,,,,,,,,"$39,875",,,"$41,250",,,"$42,625",,,"$44,000",,,,,,,,,"$39,875",,,"$41,250",,,"$42,625",,,"$44,000"

,,,,,,,,,,,,,,,,,,,,Total Valuation,"$4,920,779","$4,985,665","$5,643,720","$5,266,496","$5,251,948","$5,522,683","$5,423,154","$5,752,001","$4,766,226","$5,543,024","$5,233,593","$4,609,116",,,,,,Total Valuation,"$5,358,693","$5,497,550","$5,636,407","$5,775,264","$5,914,121","$6,052,978","$6,191,835","$6,330,693","$6,469,550","$6,608,407","$6,747,264","$6,886,121",,,,,LP Return,Total Valuation,"$7,161,054","$7,302,284","$7,443,515","$7,584,746","$7,725,977","$7,867,207","$8,008,438","$8,149,669","$8,290,900","$8,432,130","$8,573,361","$8,714,592"
,,,,,,,,,,,,,,,,,,,LP Return,TX Debt,1465000,1465000,1465000,1465000,1465000,1465000,1465000,1465000,1465000,1465000,1465000,"$1,465,000",tx,,,,LP Return,TX Debt,"$1,460,000","$1,455,000","$1,450,000","$1,445,000","$1,440,000","$1,435,000","$1,430,000","$1,425,000","$1,420,000","$1,415,000","$1,410,000","$1,405,000",tx,,,,,TX Debt,"$1,400,000","$1,395,000","$1,390,000","$1,385,000","$1,380,000","$1,375,000","$1,370,000","$1,365,000","$1,360,000","$1,355,000","$1,350,000","$1,345,000",tx
,,,,,,,,,,,,,,,,,,,,NC Debt,2100000,2100000,2100000,2100000,2100000,2100000,2100000,2100000,2500000,2500000,2500000,2500000,nc,,,,,NC Debt,"$2,496,000","$2,492,000","$2,488,000","$2,484,000","$2,480,000","$2,476,000","$2,472,000","$2,468,000","$2,464,000","$2,460,000","$2,456,000","$2,452,000",nc,,,,,NC Debt,"$2,449,000","$2,446,000","$2,443,000","$2,440,000","$2,437,000","$2,434,000","$2,431,000","$2,428,000","$2,425,000","$2,422,000","$2,419,000","$2,431,000",nc
,,,,,,,,,,,,,,,,,,,,LP Equity,2200000,2200000,2200000,2200000,2200000,2200000,2200000,2200000,2200000,2200000,2200000,"$2,200,000",eq,,,,,LP Equity,"$2,200,000","$2,200,000","$2,200,000","$2,200,000","$2,200,000","$2,200,000","$2,200,000","$2,200,000","$2,200,000","$2,200,000","$2,200,000","$2,200,000",eq,,,,,LP Equity,"$2,200,000","$2,200,000","$2,200,000","$2,200,000","$2,200,000","$2,200,000","$2,200,000","$2,200,000","$2,200,000","$2,200,000","$2,200,000","$2,200,000",eq
,,,,,,,,,,,,,,,,,,,,,"-$844,221","-$779,335","-$121,280","-$498,504","-$513,052","-$242,317","-$341,846","-$12,999","-$1,398,774","-$621,976","-$931,407","-$1,555,884",,,,,,,"-$797,307","-$649,450","-$501,593","-$353,736","-$205,879","-$58,022","$89,835","$237,693","$385,550","$533,407","$681,264","$829,121",,,,,,,"$1,112,054","$1,261,284","$1,410,515","$1,559,746","$1,708,977","$1,858,207","$2,007,438","$2,156,669","$2,305,900","$2,455,130","$2,604,361","$2,738,592"
,,,,,,,,,,,,,,,,,,,,Tot Return to LP,-38.4%,-35.4%,-5.5%,-22.7%,-23.3%,-11.0%,-15.5%,-0.6%,-63.6%,-28.3%,-42.3%,-70.72%,,,,,,Tot Return to LP,-36.2%,-29.5%,-22.80%,-16.1%,-9.4%,-2.6%,4.1%,10.8%,17.5%,24.2%,31.0%,37.69%,12.6%,,,,,Tot Return to LP,50.5%,57.3%,64.11%,70.9%,77.7%,84.5%,91.2%,98.0%,104.8%,111.6%,118.4%,124.48%
,,,,,,,,,,,,,,,,,,,,5 Year Hold,-7.7%,-7.1%,-1.1%,-4.5%,-4.7%,-2.2%,-3.1%,-0.1%,-12.7%,-5.7%,-8.5%,-14.14%,,,,,,5 Year Hold,-7.2%,-5.9%,-4.56%,-3.2%,-1.9%,-0.5%,0.8%,2.2%,3.5%,4.8%,6.2%,7.54%,,,,,,5 Year Hold,10.1%,11.5%,12.82%,14.2%,15.5%,16.9%,18.2%,19.6%,21.0%,22.3%,23.7%,24.90%
,,,,,,,,,,,,,,,,,,,,,,,,,,,,,,,,-6.64%
,,,,,,,,,,,,,,,,,,,,,,,,,,,,,,,to GP,"$103,362.40"