,GOAL +/-,kevin says year end $46k /mo,kevin says $45k/mo,kevin says 3/1 38k low and 42k base case for year end revenue december,kevin said 70$ chance of $41k by december - may-july builds to $35k and starts to slow down in august time,,,,,,"30k, dec 31k-32k , 36k w the warehouse in december - then next year maybe 1000 per month","2026- adding 8 net new customers per month, plus 5% increases a few times, so $900-1000 per month increase should be very doable- ie 100 net new customers next year",,"$513,942"
2025,Sales,Jan,Feb,Mar,Apr,May,Jun,Jul,Aug,Sep,Oct,Nov,Dec,YTD
Rethink,Charlotte,"$26,879","$27,027","$31,272","$29,924","$29,455","$32,094","$31,112","$33,095","$25,431","$31,395","$28,212","$26,134","$352,030"
,Houston,"$15,305","$15,730","$17,072","$15,128","$15,504","$15,089","$15,254","$16,075","$15,478","$16,030","$16,685","$13,298","$186,648"
,Total,"$42,184","$42,757","$48,344","$45,051","$44,959","$47,183","$46,366","$49,170","$40,909","$47,425","$44,897","$39,432","$538,677"
,Forecast,"$39,222","$40,522","$41,822","$43,122","$44,922","$46,722","$48,522","$50,322","$51,622","$52,922","$54,222","$55,522","$569,464"


2025,Sales,Jan,Feb,Mar,Apr,May,Jun,Jul,Aug,Sep,Oct,Nov,Dec,YTD
Charlotte,Actuals,"$26,879","$27,027","$31,272","$29,924","$29,455","$32,094","$31,112","$33,095","$25,431","$31,395","$28,212","$26,134","$352,030"
,Forecast,"$20,440","$21,740","$23,040","$24,340","$26,140","$27,940","$29,740","$31,540","$32,840","$34,140","$35,440","$36,740","$344,080"



2025,Sales,Jan,Feb,Mar,Apr,May,Jun,Jul,Aug,Sep,Oct,Nov,Dec,YTD
Houston,Actuals,"$15,305","$15,730","$17,072","$15,128","$15,504","$15,089","$15,254","$16,075","$15,478","$16,030","$16,685","$13,298","$186,648"
,Forecast,"$18,782","$18,782","$18,782","$18,782","$18,782","$18,782","$18,782","$18,782","$18,782","$18,782","$18,782","$18,782","$225,384"




2025,Sales,Jan,Feb,Mar,Apr,May,Jun,Jul,Aug,Sep,Oct,Nov,Dec,YTD
Catawba,Actuals,,,,,,,,,,,,,$0
,Forecast,,,,,,,,,,,,,$0



2025,Sales,Jan,Feb,Mar,Apr,May,Jun,Jul,Aug,Sep,Oct,Nov,Dec,YTD
NJ Multifamiles,Aire RE LLC,,,,,,,,,,,"$8,184",,"$8,184"
,4535 Broadway,,,,,,,,,,,"$3,385",,"$3,385"
,Galaxy,$0,$0,$0,$0,$0,$0,$0,$0,$0,$0,"$3,895","$3,895","$7,790"
,Description,$0,$0,$0,$0,$0,$0,$0,$0,$0,$0,$0,$0,$0













































,,,,,,,,,,,"$3,500,000"

,,,,,,,,,,,"$240,000"
,,,,,,,,,,,"$132,000"
,,Jan,Feb,Mar,Apr,May,Jun,Jul,Aug,Sep,Oct,Nov,Dec
2025,# of customers,175,185,195,205,215,225,235,245,255,265,275,285
,Valuation,"$3,225,437","$3,243,274","$3,752,660","$3,590,822","$3,534,580","$3,851,312","$3,733,450","$3,971,369","$3,051,742","$3,767,448","$3,385,404","$3,136,062",2700000
Charlotte,Income,"$26,879","$27,027","$31,272","$29,924","$29,455","$32,094","$31,112","$33,095","$25,431","$31,395","$28,212","$26,134","$352,030"
,Expenses,"$27,000","$27,000","$27,000","$27,000","$27,000","$27,000","$27,000","$34,000","$34,000","$34,000","$34,000","$34,000","$359,000"
,Total,-$121,$27,"$4,272","$2,924","$2,455","$5,094","$4,112",-$905,"-$8,569","-$2,605","-$5,788","-$7,866","-$6,970"

,Valuation,"$1,695,342","$1,742,391","$1,891,060","$1,675,674","$1,717,368","$1,671,370","$1,689,705","$1,780,632","$1,714,484","$1,775,576","$1,848,189","$1,473,054",1450000
Houston,Income,"$15,305","$15,730","$17,072","$15,128","$15,504","$15,089","$15,254","$16,075","$15,478","$16,030","$16,685","$13,298","$186,648"
,Expenses,"$17,000","$17,000","$17,000","$17,000","$17,000","$17,000","$17,000","$17,000","$17,000","$17,000","$17,000","$22,000","$209,000"
,Total,"-$1,695","-$1,270",$72,"-$1,872","-$1,496","-$1,911","-$1,746",-$925,"-$1,522",-$970,-$315,"-$8,702","-$22,352"

RETHINK,Income,"$42,184","$42,757","$48,344","$45,051","$44,959","$47,183","$46,366","$49,170","$40,909","$47,425","$44,897","$39,432","$538,678"
,Expenses,"$44,000","$44,000","$44,000","$44,000","$44,000","$44,000","$44,000","$51,000","$51,000","$51,000","$51,000","$56,000","$568,000"
,Total,"-$1,816","-$1,243","$4,344","$1,051",$959,"$3,183","$2,366","-$1,830","-$10,091","-$3,575","-$6,103","-$16,568","-$29,322"

Payouts,Distributions LP,5.00%,,,5.00%,,,5.25%,,,3.00%
,,"$27,500",,,"$27,500",,,"$28,875",,,"$16,500"

,Total Valuation,"$4,920,779","$4,985,665","$5,643,720","$5,266,496","$5,251,948","$5,522,683","$5,423,154","$5,752,001","$4,766,226","$5,543,024","$5,233,593","$4,609,116"
LP Return,TX Debt,1465000,1465000,1465000,1465000,1465000,1465000,1465000,1465000,1465000,1465000,1465000,"$1,465,000",tx
,NC Debt,2100000,2100000,2100000,2100000,2100000,2100000,2100000,2100000,2500000,2500000,2500000,2500000,nc
,LP Equity,2200000,2200000,2200000,2200000,2200000,2200000,2200000,2200000,2200000,2200000,2200000,"$2,200,000",eq
,,"-$844,221","-$779,335","-$121,280","-$498,504","-$513,052","-$242,317","-$341,846","-$12,999","-$1,398,774","-$621,976","-$931,407","-$1,555,884"
,Tot Return to LP,-38.4%,-35.4%,-5.5%,-22.7%,-23.3%,-11.0%,-15.5%,-0.6%,-63.6%,-28.3%,-42.3%,-70.72%
,5 Year Hold,-7.7%,-7.1%,-1.1%,-4.5%,-4.7%,-2.2%,-3.1%,-0.1%,-12.7%,-5.7%,-8.5%,-14.14%
,,,,,,,,,,,,,-6.64%
,,,,,,,,,,,,to GP,"$103,362.40"