Timestamp,Name,"Highs - 
Provide Specific Info: Date, Description, Name of the Facility ","Lows - Provide Specific Info: Date, Description, Name of the Facility ",Notes (In case you have additional notes),Property
7/10/2025 8:30:13,Patrick,TX - we are seeing more move ins from leads calling in... NC - we have otis elevators doing some repair work on the elevator that is not working and we have 7/14 Boxwell coming on site to measure for the install and manufacturing.,"TX - we are seeing this new competitor come up and give deep discounts... NC we stopped increasing rates, to increase occupancy ... We increased our ad budget to be double for the next few months to $64/day to bring in more leads we hope : ) ",we need to take photos horizontal on site reviews with both kevin and lucas,"Hamshire, Texas"
7/11/2025 7:24:48,Xcyllyn,"        
July 05, 2025 - Move in - RTSS,TX
July 08, 2025 - Move in - RTSS,TX
July 12, 2025 - Scheduled move-in - RTSS, TX","Week 7.07: Can no longer find new and free marketing strategy for RTSS,TX",For marketing strategy - I've focused on growing our GBP for local SEO. ,"Hamshire, Texas"
7/20/2025 7:49:45,Patrick,"Texas- We put the order in for 40 storage units in Texas… We also have been talking to an installer to put them in … NC- we have the $400,000 and now we are chalking the lines for the second floor build out and we are doing some minor repairs and demolition getting ready for them","Texas – we are continuing to see low leads and low phone calls, especially from Beaumont Texas… Sales are $700 behind schedule right now
Nc- sales Lower mtd and stopped rent increases to get more customers …. Warehouse moving out August 31",,"Hamshire, Texas"
7/21/2025 7:28:08,Xcyllyn,"RTSS - Hamshire (July 14-20)
Arrears Management + Auctions last week was at 5% from 8% 2 weeks ago. 
Vacated 3 units under delinquent tenants and made them available for lease. 
Consistent in posting twice on FB for social media. 
","RTSS - Hamshire (July 14-20)
1 move in compared to 3 move ins from 2 weeks ago.
4 Move outs - 3 units were vacated/emptied units from delinquent units (auctioned)
Running out of free marketing strategies. ",,"Hamshire, Texas"
7/22/2025 17:14:24,Patrick,"Texas we are seeing more move-in and we moved all of our boat in RV people to prepare for the new construction… Spoke with the Chamber of Commerce to possibly be in their newsletter

Charlotte – we are fixing the floors and offices and taking down some walls in building some floors to prepare for a 200 unit build out on the second floor… Got financing and financing has been sent to the Vertical Lift Company as well as the steel installers and those orders are in","Charlotte – we have to explain the revenue potential and also the new loan being a burden for a $400,000… How that will help our property long-term, but also hurt our property short-term on cash flow

Texas – struggling with converting leads… New competition has a Cost floor in Beaumont, Texas, reducing all new customers from Beaumont",,"Hamshire, Texas"
7/27/2025 20:20:03,Patrick,we have alot of pictures and alot of work done on the second floor - order is in - chalk lines are done.  walls and floors being fixed..... 200 customer milestone is hit!,"higher expenses now coming soon bc the new loan
",,"Mt Holly, North Carolina"
7/27/2025 20:20:58,Patrick,"making 50 units now - higher ROI , bc we made the back smaller - it should be delivered in the next 1-2 months",. ,,"Hamshire, Texas"
8/10/2025 4:06:12,Patrick,Spoke with the installer and he is ready to go in two weeks… Spoke with the manufacturer and confirm the color of the walls and the doors… It looks like we’re preparing for three auctions and we’re getting one customer getting four units. I moved two people in as well,The door in the back is still having issues… Their air conditioner people are saying is not cool enough we might need to get a servicing company,,"Hamshire, Texas"
8/10/2025 5:48:25,Patrick,More cameras on 2nd floor- install coming soon - no date yet.  Pinpad repaired. Air confitioners and thermostat fixed but maybe on its last summer.  Getting the air conditioning ducts in order w Carlos .  ,We are not increasing rent on new customers because they are so price conscious and we have so many units to fill up .  Maybe more inclined to make rates lower.  Need to get warehousing tenant in back out and new person in . Losing $3k revenue soon,,"Mt Holly, North Carolina"
8/20/2025 4:43:42,Patrick,"The order for the second floor is supposed to be the first week of October… It looks like we are going to be above the 200 customer milestone if we haven’t already gotten that… we have made the air conditioners work with air conditioner, ducks, and Wi-Fi enabled thermostats",We’re gonna lose the warehouse and customer at the end of this month…,,"Mt Holly, North Carolina"
8/20/2025 4:46:07,Patrick,"We are ahead of schedule this month in comparison to last month and we are more in line with the previous month which probably means we’ll get to $16,000 for the first time this year… Best month for new customers all year… August 25. We should be putting in new steel for 50 units.",We continue to not be able to increase rent because the fear of losing customers with one competitor that it’s extremely low prices,,"Hamshire, Texas"
9/1/2025 9:49:05,Xcyllyn,Christine Wilson had more than 4 move in. - Rethink Self Storage Hamshire,Wade Nemeyer's transfer from unit 20A to unit 4A. - Rethink Self Storage Hamshire,,"Hamshire, Texas"
9/10/2025 2:34:26,Patrick,"We are about 80% done on all units and should be 100% done one 9/10.  59 unit install done in 2.5 weeks … a little slower than expected, inside of facility I believe only has one unit left.",Site review and 2 hvac are not working correctly .  Need to create drainage better so water from large building does not go into the new units ,Pat flew out there to meet crew and do a site review . First time being there .  Maybe better marketing ideas for the future. Some construction work is being done on roads by our nearest exit ,"Hamshire, Texas"
9/10/2025 2:38:11,Patrick,"Order leaving China this week. 9/10 and should arrive mid October for about 170-200 units to be installed. These are larger unit sizes.  August best month and September looks strong as well, these promos roll off into our 4th qtr months .  Vertical lift install about 6 weeks away as well.  ",Losing the warehouse tenant causing revenue to drop this month ,,"Mt Holly, North Carolina"
9/10/2025 2:42:18,Patrick,"Met with the neighborhood and 13 people showed up , a toss up of people wanting something there that creates jobs. ",It is possible they do not want storage and the zoning can be not aligned for storage and may have to go with flex or warehouse ,,"Rock Hill, South Carolina"
9/10/2025 2:43:46,Patrick,Near purchasing 9/19 in cash and getting a bank to finance the rest of the build out getting measurements to Guillermo’s to gravel or asphalt or concrete the front ,It is possible we need to make a fire wall when knocking down the room.,,"Fort Lawn, South Carolina"
9/10/2025 2:45:54,Patrick,"We are making websites for each facility to eventually save us $2800 a month in CRM type of expenses.  That is huge for the future profitability of our company to continue to have costs lower on every incremental site making it easier to buy other facilities 

New team members Richie and Janine - I’m really excited about their ability to add value to our team ",Money !,,Gamma Income LLC
9/21/2025 3:32:35,Patrick,"We finished the 50 unit build out - we completed a little uncovered parking spot, to add a unit 15x30","auction taking a long time, overpaying on the labor, we should get a little credit on the construction price- we still have to pay alot to SAMs about 30k.",,"Hamshire, Texas"
9/21/2025 6:59:58,Patrick,"We finished work on brick and buffer yard., we painted the lobby and elevator pit and handrails.... We have Carlos doing the lights for aisles","we have a vertical lift coming 10/22 and delivery 10/29-10/31, ",,"Mt Holly, North Carolina"
9/21/2025 7:16:28,Patrick,"environmental phase 2 is done, just need me to pay to get it back, ","need/want to reassess the cost of the build and to renegotiate price.  The town said no to self storage so the only path currently is warehouse- and when warehouse is done, ask to subdivide to mini warehouse.",,"Rock Hill, South Carolina"
9/22/2025 1:15:06,Xcyllyn,"97% (4 units vacant out of 140) occupancy rate for climate controlled units
Our non-climate controlled units are now available for lease. ",Jamie Wade - moved out due to handling. I was not able to manage the situation regarding their complain about the their lost and replaced lock. ,,"Hamshire, Texas"
10/10/2025 6:38:42,Patrick,"More move ins, and expected a couple more mid month- hopefully we can get to $16k this month.","RV move outs, and no news inf new news if old leads for Boat and RV are filling up",,"Hamshire, Texas"
10/10/2025 6:40:33,Patrick,We painted the back warehouse outside roller doors and front doors to match other parts of our building - we have a possible artist taking the back optimally- and still the bitcoin mining person for november 1st.,the lights taking too long... the vertical lift is delayed 6-8 weeks which is now coming after our install of self storage from boxwell for 2nd floor.,,"Mt Holly, North Carolina"
10/10/2025 6:41:59,Patrick,We seem to have a good loan going with Neeral and the bank is very interested in Self storage or Flex,"phase 2 came back and it is very bad - so chemicals in the ground - it is a brownfield- so we need to learn more w enviromental co. the law firm and then the seller
",,"Rock Hill, South Carolina"
10/10/2025 6:43:46,Patrick,Delivery came perfect on 10/9 and will be building this out for 50 units over the next 2 -3 weeks and will be doing asphalt soon as well.... Building permit submitted 10/10 and we have a GC lisa who is economical for our work.,"The loan is contigent on a building permit for total project so arch, engineer, feasibility, are all needed to get that loan.",,"Fort Lawn, South Carolina"
10/23/2025 8:07:43,Jove,"New Warehouse customer, Lease agreement signed, $10/sqft",NA,NA,"Mt Holly, North Carolina"
10/23/2025 8:32:57,Jove,NA,October 2025 Revenue less than September 2025.,,"Mt Holly, North Carolina"
10/23/2025 8:37:11,Jove,NA,call volume down by 24% ,,"Mt Holly, North Carolina"
11/10/2025 6:32:46,Patrick,"WE have our first customers- we have done about 70% of the units , still need to do fire barrier",we submitted plans and still not sure if we need to get a architect or not,,"Fort Lawn, South Carolina"
11/20/2025 11:10:52,Patrick,"we have our first customer - we have the units about 80%-90% completed , we just need to wait for inspections on fire barrier and life and saftery before being open for business... likely december or january",.,,"Fort Lawn, South Carolina"
11/10/2025 6:33:30,Patrick,"new team member elaine-call center and property management
",money is light,,Gamma Income LLC
11/10/2025 6:22:10,Patrick,"We have seen increased move ins last month and this month :) ... site review, new door pin pads- outside signage for new units.",tax appraises us at $2.2M which we are trying to push that down to our sales price to decrease taxes 20-30%.,,"Hamshire, Texas"
11/20/2025 9:52:54,Patrick,"We are seeing the highest sales of the year likely, highest occupancy, and building toward consistently above $17k ..... We are getting 100% full again for climate controlled- starting to see our outside units start to get more tenants","break in, back door doesnt work, new loan is higher",,"Hamshire, Texas"
11/10/2025 6:30:09,Patrick,"We received all the boxwell 176 units :).... WE also decided to use our crew for construction- not Boxwell, which gives a 50% savings :) or $20k or so.",some materials missing - not increasing rents,,"Mt Holly, North Carolina"
11/20/2025 9:56:40,Patrick,we are finishing the first 49 units upstairs and 1-4 days ahead of schedule at this point.... We also have got this done approx $20k under budget from proposed installers - using our crew vs manufatureer ,no warehousing prospect anymore.... higher expenses with new $400k loan,,"Mt Holly, North Carolina"
11/10/2025 6:31:01,Patrick,"we are looking for other properties, while at the same time negotiating a different sales price","we put in alot oof time effort and money into this project, and we may have to move on to something better",,"Rock Hill, South Carolina"
12/20/2025 5:20:03,Patrick,we are 100% full and doing rent increases on about 30% of customers in January - which should boost revenue and get some people out to give space- we are on a waitlist for the first time ever,we have 3 auctions happening in December and 4 in january- which is higher than normal-  but get units available to rent is good and get our arrear managmemnt much improved would be good as well,,"Hamshire, Texas"
12/20/2025 5:24:26,Patrick,"We are now 100% complete with the 2nd floor , this is a huge step in our business plan, largely completed now.  approximately 500 self storage units in Mt Holly and 2 warehouses. .... showing the back warehouse to a couple new tenants that have shown interest for vintage car storage",the back being empty remains a reason whywe are light in revenue - we need to get that full,"2025 insurance we saved about 12%, same carrier, just owning it longer and less premiums.","Mt Holly, North Carolina"
12/20/2025 5:26:23,Patrick,"Big possibility for lease w option to buy at $4M , this is the biggest project that we have ever done, but also biggest opportunity.... need to make a great video that explains it.",no seller financing option ( Yet! ) ,,"Rock Hill, South Carolina"
12/20/2025 8:16:32,Patrick,"Had a call with Broker and Existing owner and the conversation went really well that essentially I will take about one to two floors or 20 or 40,000 ft.² and possibly the third floor to rent out… Next step is talking to zoning to see if I can lease that space",he will not give me the option to do seller financing and I don’t think it is possible to do bank financing because possible environmental or income is not at the right level yet,,"Rock Hill, South Carolina"
12/20/2025 8:26:16,Patrick,Getting customers that find us online before we are open is good - getting 4-5 customers in December. Great relationship between GC and local musicipqliry and photos and starting w the Chris wood engineer for site plans attached ,We have been pausing work as we wait for inspectors to come .  ,,"Fort Lawn, South Carolina"
12/20/2025 8:31:39,Patrick,"Great success with lease w option to buy for the lowest rent possible and I pay money to fill the place up w self storage …,, great Arthur ai agent success and building the engine of our company …. Getting year end tax docs together and getting installs done affordably w Carlos is great …. ",Needing and wanting better relationship w banks or lenders as we continue to give a ton of info to live oak bank again ,,Gamma Income LLC
,,taking pic of this doc file:///var/folders/1h/9mjgd0x96mg8sfh83ws7fxz40000gn/T/TemporaryItems/NSIRD_screencaptureui_eCUaCu/Screenshot%202025-08-17%20at%2010.05.07%E2%80%AFAM.png
,,Getting the yardi report of all sales for 2025... Highlighting any comps that are appropriate.  Discussing in intro... Maybe a video from me about where we are at if it is at 2 years now... 12/1/26/
,,also a storedge 2026 self storage industry outlook





,,Painted for the back warehouse

,,Started moving lights for energy efficiency

,,Security deposit for white warehouse for 3 years w options to extend to 9 years -5% increases and probably starting at $10 sq Ft which is good for warehouse

,,Vertical lift we are purposefully delaying to find a better price

,,The high season is over for move ins (maybe a chart that is in sitelink that shows year over year month over month data )

,,Texas

,,Great month of move ins - highest since x date

,,"First non climate , with 5 think"

,,Arrears at 4-5%

,,Saved money on choosing Mariah as the GC ($30K in savings)
,,Catawba - Carlos doing the installations saved us $40K